Workbook
Name Options: 'Marks Sheet'!$M$6:$M$9

Sheet MCQ TEST SHEET
A1: www.ExcelDataPro.com
A2: MCQ Test Sheet
A3: PYTHON UNIT 6,7,8 MCQ TEST
A5: PREPARED BY - PROF MANISH PATEL
A6: Sr | B6: QUESTIONS | C6: A | D6: B | E6: C | F6: D | G6: Your Answer
A7: 1 | B7: Which option/s is/are a possible output of following code? import random SEL=random. randint (1, 3) ANIMAL = ["DEER", "Monkey", "COW", "Kangaroo"] for A in ANIMAL: for AA in range (0, SEL): print (A, end ="") print () | C7: DEERDEER MonkeysMonkey COWCOW KangarooKangaroo | D7: DEER DELHIMONKEY DELHIMONKEYCOW | E7: DEER MONKEY cow KANGAROO | F7: DEER Monkey COW Kangaroo
A8: 2 | B8: Which option/s is/are a possible output of following code? import random PICK=random.randint (1,3) CITY= ["DELHI", "MUMBAI", "CHENNAI", "KOLKATA"] for I in CITY: for J in range (0, PICK): print (I, end = "") print () | C8: DELHIDELHII MUMBAIMUMBAI CHENNAICHENNAI KOLKATAKOLKATA | D8: DELHI DELHIMUMBAI DELHIMUMBAICHENNAI | E8: DELHI MUMBAI CHENNAI KOLKATA | F8: DELHI MUMBAIMUMBAI KOLKATAKOLKATAKOLKATA
A9: 3 | B9: Which option is not a possible output of following code? import random def main(): p = "MY PROGRAM" i = 0 while p[i] != "R": l = random.randint(0,3) + 5 print (p[l],end ="_") i += 1 main() | C9: M_M_Y_P | D9: R_G_A_G | E9: G_G_R_O | F9: O_G_G_A
A10: 4 | B10: Which option is not a possible output of following code? x = 3 N = random.randint (1, x) for i in range (N): print (i, "#", i + 1) | C10: 0#1 1#2 2#3 | D10: 0#1 1#2 | E10: 0#1 1#2 2#3 3#4 | F10: 0#1
A11: 5 | B11: Which option/s is/are a possible output of following code? import random movie_list = ['The Jungle Book', 'Finding Nemo', 'Harry Potter', 'The Incredibles', 'Frozen'] movie1 = random.choice(movie_list) movie2 = random.choice(movie_list) print ( movie1 ," or " ,movie2) | C11: Finding Nemo or Harry Potter | D11: Harry Potter or Toy Story | E11: Frozen or The Jungle | F11: Toy Story or Spider Man
A12: 6 | B12: Which option/s is/are a possible output of following code? import random color_list = ["Pink", "Red", "Sky blue", "Yellow", "Green"] random.shuffle(color_list) print ( color_list ) | C12: [‘Sky Blue’, ‘Green’, ‘Yellow’, ‘Pink’, ‘Red’] | D12: [‘Blue’, ‘Green’, ‘Pink’, ’Brown’, ‘Red’, ‘Black’] | E12: [Yellow, Sky blue, Green, Pink, Red] | F12: (‘Yellow’, ‘Red’, ‘Sky blue’, ‘Green’, ‘Pink’)
A13: 7 | B13: Which option/s is/are not a possible output of following code? import random list=[14, 62, 30, 57, 91] str= ('Simply') print ( random.choice(list),"and" , random.choice(str) ) | C13: 57 and i | D13: 62 and S | E13: 20 and p | F13: 30 and m
A14: 8 | B14: Which option/s is/are a possible output of following code? import random N=3 PICKER = random.randint (1, N) COLOR = ["BLUE", "PINK", "GREEN", "RED"] for I in COLOR : for J in range (0, PICKER): print (I, end = " ") print () | C14: BLUE PINK GREEN RED | D14: BLUE BLUEPINK BLUEPINKGREEN BLUEPINKGREENRED | E14: PINK PINKGREEN GREENRED | F14: BLUEBLUE PINKPINK GREEENGREEN GREENGREEN
A15: 9 | B15: Which option/s is/are a possible output of following code? import random n1= random.randrange(1, 10, 2) n2= random.randrange(1, 10, 3) print (n1,"and",n2) | C15: 2 and 7 | D15: 3 and 4 | E15: 8 and 10 | F15: 8 and 9
A16: 10 | B16: To include the use of functions which are present in the random library, we must use the option: | C16: import random | D16: random.h | E16: import.random | F16: random.random
A17: 11 | B17: What will be the output of the following Python code? import random random.choice(2,3,4) | C17: An integer other than 2, 3 and 4 | D17: Either 2, 3 or 4 | E17: Error | F17: 3 only
A18: 12 | B18: What will be the output of the following Python code? import random random.choice([10.4, 56.99, 76]) | C18: Error | D18: Either 10.4, 56.99 or 76 | E18: Any number other than 10.4, 56.99 and 76 | F18: 56.99 only
... A22: 16 | B22: What will be the output of the following Python function, assuming that the random library has already been included? random.shuffle[1,2,24] | C22: Randomized list containing the same numbers in any order | D22: The same list, that is [1,2,24] | E22: A list containing any random numbers between 1 and 24 | F22: Error
A23: 17 | B23: What does random.seed(3) return? | C23: TRUE | D23: None | E23: 3 | F23: 1
A24: 18 | B24: Which is the only one of the following values the function random.randint(4) can return? | C24: 4 | D24: 3.4 | E24: error | F24: 5
A25: 19 | B25: Which of the following will not be returned by random.choice(“1 ,”)? | C25: 1 | D25: Space tab | E25: , | F25: none of these
A26: 20 | B26: Which of the following will never be displayed on executing print(random.choice({0: 1, 2: 3})) initially ? | C26: 0 | D26: 1 | E26: KeyError | F26: none of these
A27: 21 | B27: What does random.shuffle(x) do when x = [1, 2, 3]? | C27: error | D27: do nothing | E27: shuffle elements of list in place | F27: none of these
A28: 22 | B28: Which type of elements are accepted by random.shuffle()? | C28: strings | D28: list | E28: tuples | F28: integers
A29: 23 | B29: What is the range of values that random.random() can return? | C29: [0.0,1.0] | D29: (0.0,1.0] | E29: (0.0,1.0) | F29: [0.0,1.0)
A30: 24 | B30: In SimpleGUICS2Pygame, how many event handlers can be running at the same time? | C30: 1 | D30: 2 | E30: 3 | F30: 4
A31: 25 | B31: Which one is not a part of a frame? | C31: widget | D31: Control Area | E31: Status Area | F31: Canvas
A32: 26 | B32: Which of the following are valid calls to create_frame? | C32: f = simplegui.create_Frame("My Frame", 100, 100) | D32: f = simplegui.create_frames("My Frame", 100, 100) | E32: frame = simplegui.create_frame(100, 100, 100) | F32: frame = simplegui.create_frame("Testing", 200, 200, 300)
A33: 27 | B33: Which of the following are valid ways of making a canvas with a red background? | C33: import simplegui frame = simplegui.Create_frame("My Frame", 100, 100) frame.set_canvas_background("Red") frame.start() | D33: import simplegui frame = simplegui.create_frame("My Frame", 100, 100) frame.set_canvas_background("red") frame.start() | E33: import simplegui frame = simplegui.create_frame( 100, 100) frame.set_canvas_background("red") frame.start() | F33: import simplegui frame = simplegui.create_frame("My Frame", 100, 100) frame.set_canvas_background("blue") frame.start()
A34: 28 | B34: In the following code, what does the number 100 represent? my_button = frame.add_button("My Label", button_handler, 100) | C34: Width of the button in pixels. | D34: Width and height of the button in pixels. | E34: Height of the button in pixels. | F34: Position of the button in pixels.
A35: 29 | B35: How many control objects are allowed in a frame? | C35: 0 or more | D35: 1 or more | E35: 2 or more | F35: 3 or more
A36: 30 | B36: In SimpleGUI, one kind of object can be added to the control panel that doesn't allow any handler. Thus, this object can't respond to anything. What kind of object is that? | C36: button | D36: label | E36: canvas | F36: title
A37: 31 | B37: When you enter text into an input field and press enter, the text is passed to the input field's event handler. What is the data type of the text? | C37: integer | D37: char | E37: string | F37: bytes
A38: 32 | B38: When does the event handler for an input field get called? | C38: when you press enter | D38: when you press escape | E38: when you press run | F38: none of these
A39: 33 | B39: When a user pushes a button, what argument is passed to the event handler? | C39: strings | D39: No arguments | E39: Command | F39: Parameters
A40: 34 | B40: What does the draw handler parameter represent? | C40: canvas | D40: string | E40: widget | F40: panel
A41: 35 | B41: What typically calls an event handler? | C41: the code we write | D41: some code that we don't write which generates the event | E41: it generates automatically | F41: none of these
A42: 36 | B42: The game programming in python follows below given sequence in alphabetical order. What is the correct order of sequence? 1. Create frames 2. Define Classes 3. Define event handlers 4. Initialize global variables 5. Define helper functions 6. Register event handlers 7. Start frame and timers | C42: 1,2,3,4,5,6,7 | D42: 4,5,2,1,3,6,7 | E42: 4,5,2,6,3,1,7 | F42: 4,5,2,3,1,6,7
... A55: 49 | B55: Turn the following description into a program, and run it. 1. Create a 300-by-300 canvas. 2. Draw two circles with radius 20 and white lines of width 10. One is centered at (90,200) and one at (210,200). 3. Draw a red line of width 40 from (50,180) to (250,180). 4. Draw two red lines of width 5 from (55,170) to (90,120) and from (90,120) to (130,120). 5. Draw a red line of width 140 from (180,108) to (180,160). The resulting picture is a simple diagram of what? | C55: A computer | D55: A house | E55: A motorcycle | F55: An Automobile
A56: 50 | B56: When the following code is executed, how many times is timer_handler called? import SimpleGUICS2Pygame.simpleguics2pygame as simplegui def timer_handler(): ''' timer = simplegui.create_timer(10, timer_handler) timer.start() The body of timer_handler isn’t given, as it is irrelevant for this question. | C56: 0 — The code hasn’t been written correctly. | D56: 1 | E56: 10 | F56: Unlimited — It is called repeatedly until you stop the program.
A57: 51 | B57: You want a timer to create exactly 1000 events. Which of the following solutions are possible? | C57: Specify the number of timer events when creating the timer. | D57: Have a global counter for the number of timer calls. In the timer handler, increment the counter. In the timer handler, check the count and possibly stop the timer. | E57: In the timer handler, have a local counter for the number of timer calls. In the timer handler, increment the counter. In the timer handler, check the count and possibly stop the timer. | F57: Have a global counter for the number of timer calls. Outside the timer handler, increment the counter. Outside the timer handler, check the count and possibly stop the timer.
A58: 52 | B58: How do you change the frequency of a running timer, either increasing or decreasing the frequency? E.g., in the code below, we want code at the question marks that changes the timer. … timer = simplegui.create_timer(1000, timer_handler) timer.start() … ??? | C58: You can't. But, you can stop this timer, and start a new one with a different frequency and same handler. timer.stop() timer = simplegui.create_timer(300, timer_handler) timer.start() | D58: Create and start the timer again. timer = simplegui.create_timer(300, timer_handler) timer.start() | E58: Just run create_timer create_timer. It will change the timer. timer = simplegui.create_timer(300, timer_handler) | F58: Just use set_timer_interval set_timer_interval. timer.set_timer_interval(300)
A59: 53 | B59: How many timers can you have running at once? | C59: 0 | D59: 1 | E59: Unlimited | F59: 2
A60: 54 | B60: The Python code below uses a timer to execute the function update() 10 times, computing a good approximation to a common mathematical function. Examine the code, and run it while varying the input value n. What is the common name for what this computes? # Mystery computation in Python # Takes input n and computes output named result import SimpleGUICS2Pygame.simpleguics2pygame as simplegui # global state result = 1 iteration = 0 max_iterations = 10 # helper functions def init(start): """Initializes n.""" global n n = start print("Input is", n) def get_next(current): """??? Part of mystery computation.""" return 0.5 * (current + n / current) # timer callback def update(): """??? Part of mystery computation.""" global iteration, result iteration += 1 # Stop iterating after max_iterations if iteration >= max_iterations: timer.stop() print("Output is", result) else: result = get_next(result) # register event handlers timer = simplegui.create_timer(1, update) # start program init(13) timer.start() | C60: Cosine of n | D60: Square root of n | E60: Multiplication by 2: 2n | F60: Logarithm base 2
A61: 55 | B61: Which of the following illustrate how to properly structure a keydown or keyup event handler? (For more advanced Python programmers, assume that you have just imported simplegui and haven't used from.) | C61: def keydown_handler(key): if key == "left": … | D61: def keydown_handler(key): if key == simplegui.KEY_MAP["left"]: … | E61: def keydown_handler(key): if "left" == simplegui.KEY_MAP[key]: … | F61: def keydown_handler(key): if key == KEY_MAP["left"]: …
A62: 56 | B62: Assume you have a program with a keydown handler. You run it, and press a single key and hold it down continuously. How many times does the keydown handler get called? | C62: Unlimited — i.e., repeatedly until you finally release the key | D62: 2 — once at the beginning and once when you release the key | E62: 1 | F62: 0
A63: 57 | B63: Several keys on the keyboard, such as Shift, CapsLock, and Ctrl, typically act to modify what happens when you press other keys, rather than doing anything on their own. When using the SimpleGUI keydown handler, how are such keys treated? | C63: No effect — e.g., pressing the Shift key does not create or modify the behavior of any event. | D63: Independent key press events — e.g., pressing Shift by itself creates an event | E63: Modify other key presses — e.g., pressing the 'a' key creates an event with a different value than pressing Shift and 'a' together. | F63: None of these are correct
A64: 58 | B64: The following code will generate the what? import SimpleGUICS2Pygame.simpleguics2pygame as simplegui def draw_handler(canvas): canvas.draw_text('A', (20, 20), 12, 'Red') canvas.draw_text('B', [30, 50], 20, 'Blue') canvas.draw_text('C', (80, 50), 12, 'Gray', 'serif') frame = simplegui.create_frame('Testing', 100, 100) frame.set_draw_handler(draw_handler) frame.start() | C64: line | D64: circle | E64: polygon | F64: text
A65: 59 | B65: What will be the output of the following python code? import SimpleGUICS2Pygame.simpleguics2pygame as simplegui def timer_handler(): pass timer = simplegui.create_timer(100, timer_handler) print(timer.is_running()) timer.start() print(timer.is_running()) timer.stop() print(timer.is_running()) | C65: False True False | D65: True True False | E65: False True True | F65: False False False
A66: 60 | B66: What will be the output of the following code if keyboard button 'up' is pressed? # control the velocity of a ball using the arrow keys import SimpleGUICS2Pygame.simpleguics2pygame as simplegui # Initialize globals WIDTH = 600 HEIGHT = 400 BALL_RADIUS = 20 ball_pos = [WIDTH / 2, HEIGHT / 2] vel = [0, 0] # define event handlers def draw(canvas): # Update ball position ball_pos[0] += vel[0] ball_pos[1] += vel[1] # Draw ball canvas.draw_circle(ball_pos, BALL_RADIUS, 2, "Red", "White") def keydown(key): acc = 1 if key==simplegui.KEY_MAP["left"]: vel[0] -= acc print(vel[0]) print(vel[1]) elif key==simplegui.KEY_MAP["right"]: vel[0] += acc print(vel[0]) print(vel[1]) elif key==simplegui.KEY_MAP["down"]: vel[1] += acc print(vel[0]) print(vel[1]) elif key==simplegui.KEY_MAP["up"]: vel[1] -= acc print(vel[0]) print(vel[1]) #print ball_pos # create frame frame = simplegui.create_frame("Velocity ball control", WIDTH, HEIGHT) # register event handlers frame.set_draw_handler(draw) frame.set_keydown_handler(keydown) # start frame frame.start() | C66: 0 0 | D66: 0 -1 | E66: 1 0 | F66: -1 0
A67: 61 | B67: Which shape the following code will generate? import SimpleGUICS2Pygame.simpleguics2pygame as simplegui # Global Variables canvas_width = 600 canvas_height = 600 # Event Handlers def draw(canvas): a = 450 b = 450 width = 100 canvas.draw_polygon([(a, b), (a + width, b), ((2 * a + width) / 2, b + width / 2 / math.tan(math.pi / 6))], 5, "Black", "Gray") # Frame frame = simplegui.create_frame("Shapes", canvas_width, canvas_height) # Register Event Handlers frame.set_draw_handler(draw) # Remember to start the frame frame.start() | C67: Right Angle Triangle | D67: Isoceles Triangle | E67: Equilateral Triangle | F67: Scalene Triangle
A68: 62 | B68: Which global variables are to provided necessarily in order to restart the game? import SimpleGUICS2Pygame.simpleguics2pygame as simplegui import random # Global Variables canvas_width = 200 canvas_height = 200 reaction_time = 0 # Used to see if the circle should be drawn started = False count = 0 # Event Handlers def check_start(): global started, count count += 1 # This makes sure that the circle won't be drawn for at # least one second after starting the frame or clicking # the restart button. if count > 10: # This increases the likelihood of starting and ensures # that the game will start within a time limit. if count / 500.0 > random.random(): started = True reaction_timer.start() circle_timer.stop() def increment(): global reaction_time reaction_time += 1 def stop_button(): if started: reaction_timer.stop() print("Your reaction time was", reaction_time, "milliseconds") def draw(canvas): if started: canvas.draw_circle([canvas_width / 2, canvas_height / 2], 60, 2, "Red", "Red") def restart(): global ? started = False count = 0 reaction_time = 0 circle_timer.start() # Frame frame = simplegui.create_frame("Reaction Time", canvas_width, canvas_height) # Register Event Handlers frame.set_draw_handler(draw) # By the way, these are labels. You can check the docs for # more info. label = frame.add_label("Get ready...") frame.add_label("Press 'stop' when the red circle appears.") frame.add_button("Stop", stop_button, 75) frame.add_button("Restart", restart, 75) # Note that the timers do not have the same name or purpose circle_timer = simplegui.create_timer(100, check_start) reaction_timer = simplegui.create_timer(1, increment) # Start Frame and circle_timer frame.start() circle_timer.start() | C68: started | D68: count | E68: reaction_time | F68: All of these
A69: 63 | B69: Which arithmetic operator in next_color indicated by ? will ensures that you will never go to an invalid index, and also causes the cycle to repeat again from the first color when it reaches the end of the list? import SimpleGUICS2Pygame.simpleguics2pygame as simplegui # Global Variables canvas_width = 300 canvas_height = 300 colors = ["Red", "Orange", "Yellow", "Green", "Blue", "Purple"] # Different rainbow colors list (uncomment to use) #colors = ["DeepPink", "Red", "DarkOrange", "Yellow", "Lime", "Aqua", "Magenta"] index = 0 # Event Handlers def draw(canvas): frame.set_canvas_background(colors[index]) def next_color(): global index index += 1 index = index ? len(colors) # Frame and Timer frame = simplegui.create_frame("Rainbow Canvas", canvas_width, canvas_height) timer = simplegui.create_timer(500, next_color) # Register Event Handlers frame.set_draw_handler(draw) # Start frame.start() timer.start() | C69: Modulus | D69: Multiplication | E69: Floor Division | F69: Greater than
A70: 64 | B70: What is the output of the following code? import SimpleGUICS2Pygame.simpleguics2pygame as simplegui count = 0 def on_timer(): count += 1 print("Timer count:", count) frame = simplegui.create_frame("Timer Example", 200, 200) frame.start() timer_interval = 1000 timer = simplegui.create_timer(timer_interval, on_timer) timer.start() | C70: There is no error | D70: The timer callback function cannot access the count variable | E70: The timer callback function should have one argument | F70: The timer should be set using set_timer_handler()
A71: 65 | B71: Which function in SimpleGUICS2Pygame is used to handle mouse clicks? | C71: set_mouseclick_handler | D71: set_mousemove_handler | E71: set_keydown_handler | F71: set_draw_handler
A72: 66 | B72: What is the format of the parameter passed to the mouse click handler in SimpleGUICS2Pygame? | C72: A tuple containing the x and y coordinates of the mouse pointer | D72: A single integer representing the position of the mouse pointer | E72: A list containing the x and y coordinates of the mouse pointer | F72: A dictionary containing the x and y coordinates of the mouse pointer
A73: 67 | B73: What is the default behavior of the set_mouseclick_handler function in SimpleGUICS2Pygame when the user clicks the right mouse button? | C73: It calls the specified function with the position of the right button click | D73: It calls the specified function with the position of the left button click | E73: It does not call the specified function | F73: It raises an exception
A74: 68 | B74: What is the purpose of the set_mousedrag_handler function in SimpleGUICS2Pygame? | C74: To handle mouse button presses and releases | D74: To detect when the mouse is dragged across the screen | E74: To simulate a mouse click at a specific position | F74: To move the mouse pointer to a specific position
... A81: 75 | B81: How can you stop a playing sound in SimpleGUICS2Pygame? | C81: By calling the stop() method of the sound object | D81: By calling the stop_sound() function | E81: By passing the sound object as an argument to the pygame.mixer.music.stop function | F81: By calling the pause() method of the sound object

Sheet After Exam Data Entry
A1: Enter all relevant data here only after you finish the examination.
A5: Q. No. | B5: Marks assigned to the question | C5: Negative Marking | D5: Correct Answer
A6: 1 | B6: 1 | D6: D
A7: 2 | B7: 1 | D7: C
A8: 3 | B8: 1 | D8: A
A9: 4 | B9: 1 | D9: C
A10: 5 | B10: 1 | D10: A
A11: 6 | B11: 1 | D11: D
A12: 7 | B12: 1 | D12: C
A13: 8 | B13: 1 | D13: A
A14: 9 | B14: 1 | D14: B
A15: 10 | B15: 1 | D15: A
A16: 11 | B16: 1 | D16: C
A17: 12 | B17: 1 | D17: B
... A80: 75 | B80: 1 | D80: A
A81: 76 | B81: 1
A82: 77 | B82: 1
A83: 78 | B83: 1
A84: 79 | B84: 1
A85: 80 | B85: 1
A86: 81 | B86: 1
A87: 82 | B87: 1
A88: 83 | B88: 1
A89: 84 | B89: 1
A90: 85 | B90: 1
A91: 86 | B91: 1
A92: 87 | B92: 1
... A123: 118 | B123: 1

Sheet Marks Sheet
A2: Class | B2: Div | C2: UNIT | D2: T. Marks | E2: YEAR | G2: Sub | H2: Exam
A3: SEM IV | B3: A5/A9 | C3: 6,7,8 | E3: 2023 | G3: PYTHON-2 | H3: QUIZ
B4: MCQ Test Mark Sheet
B5: Question Number | C5: Marks assigned to this question | D5: Negative Marking | E5: Answer by student | F5: Correct Answer | G5: Marks Obtained
B6: 1 | C6: =IF('After Exam Data Entry'!B6="", "", 'After Exam Data Entry'!B6) -> 1 | D6: =IF(C6="", "", IF('After Exam Data Entry'!C6="", 0, 'After Exam Data Entry'!C6)) -> 0 | E6: =IF('MCQ TEST SHEET'!G7="", "", 'MCQ TEST SHEET'!G7) | F6: =IF('After Exam Data Entry'!D6="", "", 'After Exam Data Entry'!D6) -> D | G6: =IF(F6="", "", IF(E6="", "", IF(E6=F6, C6, D6)))
B7: 2 | C7: =IF('After Exam Data Entry'!B7="", "", 'After Exam Data Entry'!B7) -> 1 | D7: =IF(C7="", "", IF('After Exam Data Entry'!C7="", 0, 'After Exam Data Entry'!C7)) -> 0 | E7: =IF('MCQ TEST SHEET'!G8="", "", 'MCQ TEST SHEET'!G8) | F7: =IF('After Exam Data Entry'!D7="", "", 'After Exam Data Entry'!D7) -> C | G7: =IF(F7="", "", IF(E7="", "", IF(E7=F7, C7, D7)))
B8: 3 | C8: =IF('After Exam Data Entry'!B8="", "", 'After Exam Data Entry'!B8) -> 1 | D8: =IF(C8="", "", IF('After Exam Data Entry'!C8="", 0, 'After Exam Data Entry'!C8)) -> 0 | E8: =IF('MCQ TEST SHEET'!G9="", "", 'MCQ TEST SHEET'!G9) | F8: =IF('After Exam Data Entry'!D8="", "", 'After Exam Data Entry'!D8) -> A | G8: =IF(F8="", "", IF(E8="", "", IF(E8=F8, C8, D8)))
B9: 4 | C9: =IF('After Exam Data Entry'!B9="", "", 'After Exam Data Entry'!B9) -> 1 | D9: =IF(C9="", "", IF('After Exam Data Entry'!C9="", 0, 'After Exam Data Entry'!C9)) -> 0 | E9: =IF('MCQ TEST SHEET'!G10="", "", 'MCQ TEST SHEET'!G10) | F9: =IF('After Exam Data Entry'!D9="", "", 'After Exam Data Entry'!D9) -> C | G9: =IF(F9="", "", IF(E9="", "", IF(E9=F9, C9, D9)))
B10: 5 | C10: =IF('After Exam Data Entry'!B10="", "", 'After Exam Data Entry'!B10) -> 1 | D10: =IF(C10="", "", IF('After Exam Data Entry'!C10="", 0, 'After Exam Data Entry'!C10)) -> 0 | E10: =IF('MCQ TEST SHEET'!G11="", "", 'MCQ TEST SHEET'!G11) | F10: =IF('After Exam Data Entry'!D10="", "", 'After Exam Data Entry'!D10) -> A | G10: =IF(F10="", "", IF(E10="", "", IF(E10=F10, C10, D10)))
B11: 6 | C11: =IF('After Exam Data Entry'!B11="", "", 'After Exam Data Entry'!B11) -> 1 | D11: =IF(C11="", "", IF('After Exam Data Entry'!C11="", 0, 'After Exam Data Entry'!C11)) -> 0 | E11: =IF('MCQ TEST SHEET'!G12="", "", 'MCQ TEST SHEET'!G12) | F11: =IF('After Exam Data Entry'!D11="", "", 'After Exam Data Entry'!D11) -> D | G11: =IF(F11="", "", IF(E11="", "", IF(E11=F11, C11, D11)))
B12: 7 | C12: =IF('After Exam Data Entry'!B12="", "", 'After Exam Data Entry'!B12) -> 1 | D12: =IF(C12="", "", IF('After Exam Data Entry'!C12="", 0, 'After Exam Data Entry'!C12)) -> 0 | E12: =IF('MCQ TEST SHEET'!G13="", "", 'MCQ TEST SHEET'!G13) | F12: =IF('After Exam Data Entry'!D12="", "", 'After Exam Data Entry'!D12) -> C | G12: =IF(F12="", "", IF(E12="", "", IF(E12=F12, C12, D12)))
B13: 8 | C13: =IF('After Exam Data Entry'!B13="", "", 'After Exam Data Entry'!B13) -> 1 | D13: =IF(C13="", "", IF('After Exam Data Entry'!C13="", 0, 'After Exam Data Entry'!C13)) -> 0 | E13: =IF('MCQ TEST SHEET'!G14="", "", 'MCQ TEST SHEET'!G14) | F13: =IF('After Exam Data Entry'!D13="", "", 'After Exam Data Entry'!D13) -> A | G13: =IF(F13="", "", IF(E13="", "", IF(E13=F13, C13, D13)))
B14: 9 | C14: =IF('After Exam Data Entry'!B14="", "", 'After Exam Data Entry'!B14) -> 1 | D14: =IF(C14="", "", IF('After Exam Data Entry'!C14="", 0, 'After Exam Data Entry'!C14)) -> 0 | E14: =IF('MCQ TEST SHEET'!G15="", "", 'MCQ TEST SHEET'!G15) | F14: =IF('After Exam Data Entry'!D14="", "", 'After Exam Data Entry'!D14) -> B | G14: =IF(F14="", "", IF(E14="", "", IF(E14=F14, C14, D14)))
B15: 10 | C15: =IF('After Exam Data Entry'!B15="", "", 'After Exam Data Entry'!B15) -> 1 | D15: =IF(C15="", "", IF('After Exam Data Entry'!C15="", 0, 'After Exam Data Entry'!C15)) -> 0 | E15: =IF('MCQ TEST SHEET'!G16="", "", 'MCQ TEST SHEET'!G16) | F15: =IF('After Exam Data Entry'!D15="", "", 'After Exam Data Entry'!D15) -> A | G15: =IF(F15="", "", IF(E15="", "", IF(E15=F15, C15, D15)))
B16: 11 | C16: =IF('After Exam Data Entry'!B16="", "", 'After Exam Data Entry'!B16) -> 1 | D16: =IF(C16="", "", IF('After Exam Data Entry'!C16="", 0, 'After Exam Data Entry'!C16)) -> 0 | E16: =IF('MCQ TEST SHEET'!G17="", "", 'MCQ TEST SHEET'!G17) | F16: =IF('After Exam Data Entry'!D16="", "", 'After Exam Data Entry'!D16) -> C | G16: =IF(F16="", "", IF(E16="", "", IF(E16=F16, C16, D16)))
B17: 12 | C17: =IF('After Exam Data Entry'!B17="", "", 'After Exam Data Entry'!B17) -> 1 | D17: =IF(C17="", "", IF('After Exam Data Entry'!C17="", 0, 'After Exam Data Entry'!C17)) -> 0 | E17: =IF('MCQ TEST SHEET'!G18="", "", 'MCQ TEST SHEET'!G18) | F17: =IF('After Exam Data Entry'!D17="", "", 'After Exam Data Entry'!D17) -> B | G17: =IF(F17="", "", IF(E17="", "", IF(E17=F17, C17, D17)))
... B80: 75 | C80: =IF('After Exam Data Entry'!B80="", "", 'After Exam Data Entry'!B80) -> 1 | D80: =IF(C80="", "", IF('After Exam Data Entry'!C80="", 0, 'After Exam Data Entry'!C80)) -> 0 | E80: =IF('MCQ TEST SHEET'!G81="", "", 'MCQ TEST SHEET'!G81) | F80: =IF('After Exam Data Entry'!D80="", "", 'After Exam Data Entry'!D80) -> A | G80: =IF(F80="", "", IF(E80="", "", IF(E80=F80, C80, D80)))
B82: TOTAL | C82: =SUM(C6:C81) -> 75 | E82: Marks Obtained | G82: =SUM(G6:G81) -> 0
B83: Result | C83: =IF(G83<33%, "Fail", "Pass") -> Fail | E83: % Obtained | G83: =(G82/C82) -> 0
B84: Grade Obtained | D84: =IFERROR(IF(C85="", "", IF(C85<=32%, "Needs Improvement", IF(C85<=50%, "P", IF(C85<=55%, "C", IF(C85<=60%, "B", IF(C85<=70%, "B+", IF(C85<=80%, "A", IF(C85<=90%, "A+", "A++" )))))))), "") -> Needs Improvement
C85: =G82/C82 -> 0
